{"learner":{"attributes":{"best_iteration":"5","best_ntree_limit":"6","best_score":"0.162369","scikit_learn":"{\"use_label_encoder\": true, \"n_estimators\": 105, \"objective\": \"binary:logistic\", \"max_depth\": 6, \"learning_rate\": 0.8215624482738251, \"verbosity\": null, \"booster\": null, \"tree_method\": null, \"gamma\": 0.8371499429106091, \"min_child_weight\": 2.4916199767868723, \"max_delta_step\": null, \"subsample\": 0.7930619058933394, \"colsample_bytree\": 0.5921125487569615, \"colsample_bylevel\": null, \"colsample_bynode\": null, \"reg_alpha\": 0.7019334708527041, \"reg_lambda\": 0.5311507817557426, \"scale_pos_weight\": null, \"base_score\": null, \"missing\": NaN, \"num_parallel_tree\": null, \"random_state\": null, \"n_jobs\": null, \"monotone_constraints\": null, \"interaction_constraints\": null, \"importance_type\": null, \"gpu_id\": null, \"validate_parameters\": null, \"predictor\": null, \"enable_categorical\": false, \"classes_\": [0, 1], \"n_classes_\": 2, \"_le\": {\"classes_\": [0, 1]}, \"evals_result_\": {\"validation_0\": {\"error\": [0.078431, 0.078431, 0.078431, 0.019608, 0.019608, 0.019608, 0.019608, 0.019608, 0.019608, 0.019608, 0.019608, 0.019608, 0.019608, 0.019608, 0.019608, 0.019608, 0.019608, 0.019608, 0.019608, 0.019608, 0.019608, 0.019608, 0.019608, 0.019608, 0.019608, 0.019608], \"logloss\": [0.35222, 0.242475, 0.242475, 0.207452, 0.207452, 0.207574, 0.207574, 0.207531, 0.207531, 0.207531, 0.207531, 0.207531, 0.207531, 0.207531, 0.207531, 0.207531, 0.207531, 0.207531, 0.207531, 0.207531, 0.207531, 0.207531, 0.207531, 0.207451, 0.207451, 0.207451]}, \"validation_1\": {\"error\": [0.076923, 0.076923, 0.076923, 0.0, 0.0, 0.0, 0.0, 0.0, 0.0, 0.0, 0.0, 0.0, 0.0, 0.0, 0.0, 0.0, 0.0, 0.0, 0.0, 0.0, 0.0, 0.0, 0.0, 0.0, 0.0, 0.0], \"logloss\": [0.353575, 0.193043, 0.193043, 0.164017, 0.164017, 0.162369, 0.162369, 0.164606, 0.164606, 0.164606, 0.164606, 0.164606, 0.164606, 0.164606, 0.164606, 0.164606, 0.164606, 0.164606, 0.164606, 0.164606, 0.164606, 0.164606, 0.164606, 0.164009, 0.164009, 0.164009]}}, \"_estimator_type\": \"classifier\"}"},"feature_names":[],"feature_types":[],"gradient_booster":{"model":{"gbtree_model_param":{"num_trees":"26","size_leaf_vector":"0"},"tree_info":[0,0,0,0,0,0,0,0,0,0,0,0,0,0,0,0,0,0,0,0,0,0,0,0,0,0],"trees":[{"base_weights":[2.7020441E-2,-1.6310021E0,1.2974297E0],"categories":[],"categories_nodes":[],"categories_segments":[],"categories_sizes":[],"default_left":[true,false,false],"id":0,"left_children":[1,-1,-1],"loss_changes":[2.412548E1,0E0,0E0],"parents":[2147483647,0,0],"right_children":[2,-1,-1],"split_conditions":[2.5E0,-1.3399701E0,1.0659195E0],"split_indices":[4,0,0],"split_type":[0,0,0],"sum_hessian":[1.05E1,4.25E0,6.25E0],"tree_param":{"num_deleted":"0","num_feature":"7","num_nodes":"3","size_leaf_vector":"0"}},{"base_weights":[-1.3357058E-1,6.5489435E-1,-1.1664633E0],"categories":[],"categories_nodes":[],"categories_segments":[],"categories_sizes":[],"default_left":[true,false,false],"id":1,"left_children":[1,-1,-1],"loss_changes":[6.754365E0,0E0,0E0],"parents":[2147483647,0,0],"right_children":[2,-1,-1],"split_conditions":[1.5E0,5.3803664E-1,-9.583224E-1],"split_indices":[6,0,0],"split_type":[0,0,0],"sum_hessian":[6.8233786E0,3.594384E0,3.2289946E0],"tree_param":{"num_deleted":"0","num_feature":"7","num_nodes":"3","size_leaf_vector":"0"}},{"base_weights":[-0E0],"categories":[],"categories_nodes":[],"categories_segments":[],"categories_sizes":[],"default_left":[false],"id":2,"left_children":[-1],"loss_changes":[0E0],"parents":[2147483647],"right_children":[-1],"split_conditions":[-0E0],"split_indices":[0],"split_type":[0],"sum_hessian":[5.2102714E0],"tree_param":{"num_deleted":"0","num_feature":"7","num_nodes":"1","size_leaf_vector":"0"}},{"base_weights":[-0E0,-4.380458E-1,6.127278E-1],"categories":[],"categories_nodes":[],"categories_segments":[],"categories_sizes":[],"default_left":[true,false,false],"id":3,"left_children":[1,-1,-1],"loss_changes":[1.7783909E0,0E0,0E0],"parents":[2147483647,0,0],"right_children":[2,-1,-1],"split_conditions":[3.5E0,-3.59882E-1,5.033942E-1],"split_indices":[0,0,0],"split_type":[0,0,0],"sum_hessian":[5.248839E0,2.6888466E0,2.5599923E0],"tree_param":{"num_deleted":"0","num_feature":"7","num_nodes":"3","size_leaf_vector":"0"}},{"base_weights":[-0E0],"categories":[],"categories_nodes":[],"categories_segments":[],"categories_sizes":[],"default_left":[false],"id":4,"left_children":[-1],"loss_changes":[0E0],"parents":[2147483647],"right_children":[-1],"split_conditions":[-0E0],"split_indices":[0],"split_type":[0],"sum_hessian":[4.5684223E0],"tree_param":{"num_deleted":"0","num_feature":"7","num_nodes":"1","size_leaf_vector":"0"}},{"base_weights":[9.1360204E-2],"categories":[],"categories_nodes":[],"categories_segments":[],"categories_sizes":[],"default_left":[false],"id":5,"left_children":[-1],"loss_changes":[0E0],"parents":[2147483647],"right_children":[-1],"split_conditions":[7.505812E-2],"split_indices":[0],"split_type":[0],"sum_hessian":[4.585804E0],"tree_param":{"num_deleted":"0","num_feature":"7","num_nodes":"1","size_leaf_vector":"0"}},{"base_weights":[-0E0],"categories":[],"categories_nodes":[],"categories_segments":[],"categories_sizes":[],"default_left":[false],"id":6,"left_children":[-1],"loss_changes":[0E0],"parents":[2147483647],"right_children":[-1],"split_conditions":[-0E0],"split_indices":[0],"split_type":[0],"sum_hessian":[5.1078277E0],"tree_param":{"num_deleted":"0","num_feature":"7","num_nodes":"1","size_leaf_vector":"0"}},{"base_weights":[-1.1756234E-1],"categories":[],"categories_nodes":[],"categories_segments":[],"categories_sizes":[],"default_left":[false],"id":7,"left_children":[-1],"loss_changes":[0E0],"parents":[2147483647],"right_children":[-1],"split_conditions":[-9.6584804E-2],"split_indices":[0],"split_type":[0],"sum_hessian":[4.4922175E0],"tree_param":{"num_deleted":"0","num_feature":"7","num_nodes":"1","size_leaf_vector":"0"}},{"base_weights":[-0E0],"categories":[],"categories_nodes":[],"categories_segments":[],"categories_sizes":[],"default_left":[false],"id":8,"left_children":[-1],"loss_changes":[0E0],"parents":[2147483647],"right_children":[-1],"split_conditions":[-0E0],"split_indices":[0],"split_type":[0],"sum_hessian":[4.165259E0],"tree_param":{"num_deleted":"0","num_feature":"7","num_nodes":"1","size_leaf_vector":"0"}},{"base_weights":[-0E0],"categories":[],"categories_nodes":[],"categories_segments":[],"categories_sizes":[],"default_left":[false],"id":9,"left_children":[-1],"loss_changes":[0E0],"parents":[2147483647],"right_children":[-1],"split_conditions":[-0E0],"split_indices":[0],"split_type":[0],"sum_hessian":[4.2501516E0],"tree_param":{"num_deleted":"0","num_feature":"7","num_nodes":"1","size_leaf_vector":"0"}},{"base_weights":[-0E0],"categories":[],"categories_nodes":[],"categories_segments":[],"categories_sizes":[],"default_left":[false],"id":10,"left_children":[-1],"loss_changes":[0E0],"parents":[2147483647],"right_children":[-1],"split_conditions":[-0E0],"split_indices":[0],"split_type":[0],"sum_hessian":[4.714399E0],"tree_param":{"num_deleted":"0","num_feature":"7","num_nodes":"1","size_leaf_vector":"0"}},{"base_weights":[-0E0],"categories":[],"categories_nodes":[],"categories_segments":[],"categories_sizes":[],"default_left":[false],"id":11,"left_children":[-1],"loss_changes":[0E0],"parents":[2147483647],"right_children":[-1],"split_conditions":[-0E0],"split_indices":[0],"split_type":[0],"sum_hessian":[4.6428957E0],"tree_param":{"num_deleted":"0","num_feature":"7","num_nodes":"1","size_leaf_vector":"0"}},{"base_weights":[-0E0],"categories":[],"categories_nodes":[],"categories_segments":[],"categories_sizes":[],"default_left":[false],"id":12,"left_children":[-1],"loss_changes":[0E0],"parents":[2147483647],"right_children":[-1],"split_conditions":[-0E0],"split_indices":[0],"split_type":[0],"sum_hessian":[4.3566055E0],"tree_param":{"num_deleted":"0","num_feature":"7","num_nodes":"1",